ID,Name,Status,Workday,AssigneeID,CreateDate
1,project1,Active,127,1,2024-05-12
2,project2,Active,31,1,2024-05-12
3,project3,Active,63,1,2024-05-12
4,project4,Active,63,1,2024-05-12
5,project5,Active,63,1,2024-05-12
6,project6,Active,63,1,2024-05-12
7,project7,Active,127,1,2024-05-12
8,project8,Active,63,1,2024-05-12
9,project9,Active,31,1,2024-05-12
10,project10,Active,127,1,2024-05-12
11,project11,Active,63,1,2024-05-12
12,project12,Active,31,1,2024-05-12
13,project13,Active,63,1,2024-05-12
14,project14,Active,63,1,2024-05-12
15,project15,Active,31,1,2024-05-12
16,project16,Active,127,1,2024-05-12
17,project17,Active,63,1,2024-05-12
18,project18,Active,31,1,2024-05-12
19,project19,Active,31,1,2024-05-12
20,project20,Active,127,1,2024-05-12
21,project21,Active,127,1,2024-05-12
22,project22,Active,63,1,2024-05-12
23,project23,Active,127,1,2024-05-12
24,project24,Active,31,1,2024-05-12
25,project25,Active,127,1,2024-05-12
26,project26,Active,127,1,2024-05-12
27,project27,Active,127,1,2024-05-12
28,project28,Active,127,1,2024-05-12
29,project29,Active,127,1,2024-05-12
30,project30,Active,127,1,2024-05-12
